№ п/п;"№ Відділення ТОВ ""ЕПС""";Область;Район в обл.;Індекс;Тип населеного пункту;Населений пункт;Район в місті;Тип вулиці;Адреса;Номер будинку;Дата признчення керівника;модель РРО;Заводський № РРО;2;koatu1;koatu2
1;1010001;Харківська;;61000;м.;Харків;Немишлянський;проспект;Московський;247А;;;;61000, Харківська обл., місто Харків, Немишлянський район, ПРОСПЕКТ МОСКОВСЬКИЙ, будинок 247А;6310138500;UA63120270010423479
2;1010002;Львівська;Яворівський;81097;с.;Підрясне;;вулиця;Європейська;13;;;;81097, Львівська обл., Яворівський район, село Підрясне, ВУЛИЦЯ ЄВРОПЕЙСЬКА , будинок 13;4625887503;UA46060250180032664
3;1010003;Дніпропетровська;;49000;м.;Дніпро;Індустріальний;вулиця;Дніпросталівська;5;;;;49000, Дніпропетровська обл., місто Дніпро, Індустріальний район, ВУЛИЦЯ ДНІПРОСТАЛІВСЬКА, будинок 5;1210137200;UA12020010010231764
4;1010004;Чернігівська;;14000;м.;Чернігів;Деснянський;вулиця;Широка;1А;;;;14000, Чернігівська обл., місто Чернігів, Деснянський район, ВУЛИЦЯ ШИРОКА, будинок 1А;7410136300;UA74100390010122363
5;1010005;;;01004;м.;Київ;Шевченківський;вулиця;Велика Васильківська;15/2;;;;01004, м.Київ, Шевченківський район, ВУЛИЦЯ ВЕЛИКА ВАСИЛЬКІВСЬКА, будинок 15/2;8039100000;UA80000000001078669
6;1010006;Одеська;;65001;м.;Одеса;Суворовський;вулиця;Чорноморського козацтва;80;;;;65001, Одеська обл., місто Одеса, Суворовський район, ВУЛИЦЯ ЧОРНОМОРСЬКОГО КОЗАЦТВА, будинок 80;5110137600;UA51100270010413116
7;1010007;Полтавська;;36000;м.;Полтава;Київський;вулиця;Половка;68;;;;36000, Полтавська обл., місто Полтава, Київський район, ВУЛ. ПОЛОВКА, будинок 68;5310136400;UA53080370010183642
8;1010008;Донецька;;85301;м.;Покровськ;;вулиця;Шмідта;202;;;;85301, Донецька обл., місто Покровськ, ВУЛИЦЯ ШМІДТА, будинок 202;1413200000;UA14160210010099403
9;1010009;Донецька;;87500;м.;Маріуполь;Центральний;вулиця;Запорізьке шосе;1;;;;87500, Донецька обл., м.Маріуполь, Центральний р-н., Запорізьке шосе, 1;1412336300;UA14140050010437700
10;1010010;Луганська;;93405;м.;Сєвєродонецьк;;вулиця;Федоренка;10;;;;93405, Луганська обл., м.Сєвєродонецьк,  вул.Федоренка,10;4412900000;UA44120110010072887
11;1010011;Харківська;;61000;м.;Харків;Московський;вулиця;Якіра;131;;;;61000, Харківська обл., місто Харків, Московський район, ВУЛИЦЯ ЯКІРА, будинок 131;6310137500;UA63120270010315719
12;1010012;Житомирська;;10029;м.;Житомир;Богунський;вулиця;Малинська;4;;;;10029, Житомирська обл., м.Житомир, Богунський р-н., вул.Малинська, 4;1810136300;UA18040190010115253
13;1010013;Івано-Франківська;;76007;м.;Івано-Франківськ;;вулиця;Сагайдачного;48Д;;;;76007, Івано-Франківська обл., місто Івано-Франківськ, ВУЛИЦЯ САГАЙДАЧНОГО, будинок 48Д;2610100000;UA26040190010045761
14;1010014;Хмельницька;Кам`янець-Подільський;32307;с.;Кам`янка;Шевченківський;вулиця;Вокзальна;2/8;;;;32307, Хмельницька обл., Кам`янець-Подільський район, село Кам`янка, ВУЛИЦЯ ВОКЗАЛЬНА, будинок 2/8;6822483701;UA68020230080085264
15;1010015;Херсонська;;73009;м.;Херсон;Суворовський;проспект;Адмірала Сенявіна;27;;;;73009, Херсонська обл., місто Херсон, Суворовський район, ПРОСПЕКТ АДМІРАЛА СЕНЯВІНА, будинок 27;6510136900;UA65100150010361097
16;1010016;Волинська;;43005;м.;Луцьк;;вулиця;Карбишева;2;;;;43005, Волинська обл., місто Луцьк, ВУЛИЦЯ КАРБИШЕВА, будинок 2;0710100000;UA07080170010083384
17;1010017;Рівненська;;33009;м.;Рівне;;провулок;РОБІТНИЧИЙ;5;;;;33009, Рівненська обл., місто Рівне, ПРОВУЛОК РОБІТНИЧИЙ, будинок 5;5610100000;UA56060470010041018
18;1010018;;;03026;м.;Київ;Голосіївський;вулиця;Пирогівський шлях;135;;;;03026, м.Київ, Голосіївський район, ВУЛИЦЯ ПИРОГІВСЬКИЙ ШЛЯХ, будинок 135;8036100000;UA80000000000126643
19;1010019;;;02094;м.;Київ;Дніпровський;вулиця;Віскозна;32;;;;02094, м.Київ, Дніпровський район, ВУЛИЦЯ ВІСКОЗНА, будинок 32;8036600000;UA80000000000479391
20;1010020;Київська;;09117;м.;Біла Церква;;вулиця;УЗИНСЬКА;5;;;;09117, Київська обл., місто Біла Церква, ВУЛИЦЯ УЗИНСЬКА, будинок 5;3210300000;UA32020010010081183
21;1010021;Київська;;07403;м.;Бровари;;вулиця;Красовського;16;;;;07403, Київська обл., місто Бровари, ВУЛИЦЯ КРАСОВСЬКОГО, будинок 16;3210600000;UA32060050010081797
22;1010022;Донецька;;85700;м.;Волноваха;Волноваський;вулиця;Українська;36;;;;85700, Донецька обл., Волноваський район, місто Волноваха, ВУЛИЦЯ УКРАЇНСЬКА, будинок 36;1421510100;UA14040030010074500
23;1010023;Дніпропетровська;;50000;м.;Кривий Ріг;Довгинцівський;вулиця;Отто Брозовського;85;;;;50000, Дніпропетровська обл., місто Кривий Ріг, Довгинцівський район, ВУЛИЦЯ ОТТО БРОЗОВСЬКОГО, будинок 85;1211036400;UA12060170010145934
24;1010024;Черкаська;;18006;м.;Черкаси;Придніпровський;вулиця;ГОГОЛЯ;582;;;;18006, Черкаська обл., місто Черкаси, Придніпровський район, ВУЛИЦЯ ГОГОЛЯ, будинок 582;7110136400;UA71080490010144486
25;1010025;Черкаська;;19702;м.;Золотоноша;;вулиця;Шевченка;153;;;;19701, Черкаська обл., місто Золотоноша, ВУЛИЦЯ ШЕВЧЕНКА, будинок 153;7110400000;UA71040090010057400
26;1010026;Запорізька;;69014;м.;Запоріжжя;Шевченківський;вулиця;КАРПЕНКА-КАРОГО;54;;;;69014, Запорізька обл., м.Запоріжжя, Шевченківський р-н., вул.Карпенка-Карого, 54;2310137500;UA23060070010748330
27;1010027;Полтавська;;39610;м.;Кременчук;Крюківський;проспект;Свободи;172;;;;39610, Полтавська обл., місто Кременчук, Крюківський район, ПРОСПЕКТ СВОБОДИ, будинок 172;5310436500;UA53020110010228624
28;1010028;Миколаївська;;54034;м.;Миколаїв;Інгульський;вулиця;Авангардна;6/8;;;;54034, Миколаївська обл., м.Миколаїв, Інгульський р-н., вул.Авангардна, 6/8;4810136900;UA48060150010235917
29;1010029;Донецька;Костянтинівський;85102;м.;Костянтинівка;;площа;Перемоги;3;;;;85102, Донецька обл., місто Костянтинівка, ПЛОЩА ПЕРЕМОГИ, будинок 3;1412600000;UA14120070010085843
30;1010030;Донецька;Краматорський;84333;м.;Краматорськ;;вулиця;Архипа Куїнджі;5;;;;84333, Донецька обл., місто Краматорськ, ВУЛИЦЯ АРХИПА КУЇНДЖІ, будинок 5;1412900000;UA14120090010038661
31;1010031;Одеська;Овідіопольський;67806;смт.;Авангард;;вулиця;Базова;20;;;;67806, Одеська обл., Овідіопольський район, селище міського типу Авангард, ВУЛИЦЯ БАЗОВА, будинок 20;5123755200;UA51100010010083015
32;1010032;Харківська;;61054;м.;Харків;Московський;вулиця;Василя Стуса;6;;;;61054, Харківська обл., м.Харків, Московський р-н., вул.Василя Стуса, 6;6310137500;UA63120270010315719
33;1010033;Харківська;;61172;м.;Харків;Індустріальний;вулиця;Роганська;147;;;;61172, Харківська обл., місто Харків, Індустріальний район, ВУЛИЦЯ РОГАНСЬКА, будинок 147;6310138200;UA63120270010158723
34;1010034;Хмельницька;;29016;м.;Хмельницький;;вулиця;Геологів;8;;;;29016, Хмельницька обл., місто Хмельницький, ВУЛИЦЯ ГЕОЛОГІВ, будинок 8;6810100000;UA68040470010096613
35;1010035;Вінницька;;21034;м.;Вінниця;;вулиця;Ватутіна;137;;;;21034, Вінницька обл., місто Вінниця, ВУЛИЦЯ Ватутіна, будинок 137;0510100000;UA05020030010063857
36;1010036;Чернівецька;;58007;м.;Чернівці;Садгірський;вулиця;Коломийська;13Б;;;;58007, Чернівецька обл., місто Чернівці, Садгірський район, ВУЛИЦЯ КОЛОМИЙСЬКА, будинок 13Б;0524955100;UA05080090010025419
37;1010037;Тернопільська;;46400;м.;Тернопіль;;вулиця;Подільська;38А;;;;46400, Тернопільська обл., місто Тернопіль, ВУЛИЦЯ ПОДІЛЬСЬКА, будинок 38-А;6110100000;UA61040490010069060
38;1010038;Львівська;;79035;м.;Львів;Сихівський;вулиця;БУЗКОВА;2;;;;79035, Львівська обл., місто Львів, Сихівський район, ВУЛИЦЯ БУЗКОВА, будинок 2;4610136800;UA46060250010457177
39;1010039;Закарпатська;;88006;м.;Ужгород;;вулиця;Проектна;1А;;;;88006, Закарпатська обл., місто Ужгород, ВУЛИЦЯ ПРОЕКТНА, будинок 1А;2110100000;UA21100230010016545
40;1010040;Волинська;Володимир-Волинський;44702;м.;Володимир-Волинський;;вулиця;20 липня;8А;;;;44702, Волинська обл., місто Володимир-Волинський, ВУЛИЦЯ 20 ЛИПНЯ, будинок 8А;0710200000;UA07020010010041660
41;1010041;Волинська;Ковельський;45005;м.;Ковель;;вулиця;Ватутіна;59;;;;45005, Волинська обл., місто Ковель, ВУЛИЦЯ ВАТУТІНА, будинок 59;0710400000;UA07060190010068509
42;1010042;;;04080;м.;Київ;Оболонський;вулиця;Новокостянтинівська;22/15;;;;04080, м.Київ, Оболонський район, ВУЛИЦЯ НОВОКОСТЯНТИНІВСЬКА, будинок 22/15;8038000000;UA80000000000551439
43;1010043;;;03134;м.;Київ;Святошинський;вулиця;Симиренка;36;;;;03134, м.Київ, Святошинський р-н., вул.Симиренка, 36;8038600000;UA80000000000875983
44;1010044;;;02099;м.;Київ;Дарницький;вулиця;БОРИСПІЛЬСЬКА;9;;;;02099, м.Київ, Дарницький район, ВУЛИЦЯ БОРИСПІЛЬСЬКА, будинок 9;8036300000;UA80000000000210193
45;1010045;Луганська;;93003;м.;Рубіжне;;вулиця;ПОМЕРАНЧУКА;13-А;;;;93003, Луганська обл., місто Рубіжне, ВУЛИЦЯ ПОМЕРАНЧУКА, будинок 13-А;4412500000;UA44120090010096548
46;1010046;Київська;Києво-Святошинський;08132;м.;Вишневе;;вулиця;Промислова;5;;;;08132, Київська обл., Києво-Святошинський район, місто Вишневе, ВУЛИЦЯ ПРОМИСЛОВА, будинок 5;3222410600;UA32080090010037585
47;1010047;Дніпропетровська;;49101;м.;Дніпро;Центральний;вулиця;Володимира Антоновича;33;;;;49101, Дніпропетровська обл., місто Дніпро, Центральний район, ВУЛИЦЯ ВОЛОДИМИРА АНТОНОВИЧА, будинок 33;1210137500;UA12020010010639502
48;1010048;Дніпропетровська;;49033;м.;Дніпро;Чечелівський;вулиця;Краснопільська;23А;;;;49033, Дніпропетровська обл., місто Дніпро, Чечелівський район, ВУЛИЦЯ КРАСНОПІЛЬСЬКА, будинок 23А;1210137800;UA12020010010757287
49;1010049;Сумська;;40007;смт.;Суми;Зарічний;вулиця;Лінійна;15;;;;40007, Сумська обл., місто Суми, Зарічний район, ВУЛИЦЯ ЛІНІЙНА, будинок 15;5910136300;UA59080270010111002
50;1010050;Одеська;Овідіопольський;67806;м.;Авангард;;вулиця;Базова;11;;;;67806, Одеська обл., Овідіопольський район, селище міського типу Авангард, ВУЛИЦЯ БАЗОВА, будинок 11;5123755200;UA51100010010083015
51;1010051;Черкаська;;18036;м.;Черкаси;Соснівський;вулиця;14-ГО ГРУДНЯ;6/1;;;;18036, Черкаська обл., місто Черкаси, Соснівський район, ВУЛИЦЯ 14-ГО ГРУДНЯ, будинок 6/1;7110136700;UA71080490010259590
52;1010052;Черкаська;Балтський;19402;м.;Корсунь-Шевченківський;;вулиця;Героїв Майдану;8;;;;19402, Черкаська обл., Корсунь-Шевченківський район, місто Корсунь-Шевченківський, ВУЛИЦЯ ГЕРОЇВ МАЙДАНУ, будинок 8;7122510100;UA71080170010098381
53;1010053;Запорізька;;72312;м.;Мелітополь;;вулиця;ІНТЕРКУЛЬТУРНА;21/1;;;;72312, Запорізька обл., місто Мелітополь, ВУЛИЦЯ ІНТЕРКУЛЬТУРНА, будинок 21/1;2310700000;UA23080070010092407
54;1010054;Запорізька;;69057;м.;Запоріжжя;Вознесенівський;вулиця;Олександра Матросова;15;;;;69057, Запорізька обл., місто Запоріжжя, Вознесенівський район, ВУЛИЦЯ ОЛЕКСАНДРА МАТРОСОВА, будинок 15;2310137200;UA23060070010154443
55;1010055;Донецька;;84507;м.;Бахмут;;вулиця;Мічуріна;1-А;;;;84507, Донецька обл., місто Бахмут, ВУЛИЦЯ МІЧУРІНА, будинок 1-А;1410300000;UA14020010010059145
56;1010056;Донецька;Слов`янський;84122;м.;Слов`янськ;;вулиця;Поштова;81;;;;84122, Донецька обл., місто Слов`янськ, ВУЛИЦЯ ПОШТОВА, будинок 81;1414100000;UA14120210010032554
57;1010057;Харківська;;61040;м.;Харків;Холодногірський;вулиця;Велика Панасівська;185;;;;61040, Харківська обл., місто Харків, Холодногірський район, ВУЛИЦЯ ВЕЛИКА ПАНАСІВСЬКА, будинок 185;6310137200;UA63120270010877312
58;1010058;Житомирська;Новоград-Волинський;11707;м.;Новоград-Волинський;;вулиця;Шевченка;54;;;;11707, Житомирська обл., місто Новоград-Волинський, ВУЛИЦЯ ШЕВЧЕНКА, будинок 54;1824000000;UA18080000000016657
59;1010059;Хмельницька;;29026;м.;Хмельницький;;вулиця;ПІЛОТСЬКА;77/6;;;;29026, Хмельницька обл., місто Хмельницький, ВУЛИЦЯ ПІЛОТСЬКА, будинок 77/6;6810100000;UA68040470010096613
60;1010060;Рівненська;;33005;м.;Рівне;;вулиця;Боярка;28;;;;33005, Рівненська обл., місто Рівне, ВУЛИЦЯ БОЯРКА , будинок 28;5610100000;UA56060470010041018
61;1010061;Львівська;Самбірський;81400;м.;Самбір;;вулиця;Шевченка;52/9;;;;81400, Львівська обл., місто Самбір, ВУЛИЦЯ ШЕВЧЕНКА, будинок 52/9;4624200000;UA46080000000017237
62;1010062;Рівненська;;33027;м.;Рівне;;вулиця;Київська;98;;;;33027, Рівненська обл., місто Рівне, ВУЛИЦЯ Київська, будинок 98;5610100000;UA56060470010041018
63;1010063;Волинська;;43023;м.;Луцьк;;вулиця;Єршова;11;;;;43023, Волинська обл., місто Луцьк, ВУЛИЦЯ ЄРШОВА, будинок 11;0710100000;UA07080170010083384
64;1010064;;;02081;м.;Київ;Дарницький;вулиця;ПРИЧАЛЬНА;5-А;;;;02081, м.Київ, Дарницький район, ВУЛИЦЯ ПРИЧАЛЬНА, будинок 5-А;8036300000;UA80000000000210193
65;1010065;Волинська;Ківерцівський;45201;м.;Ківерці;;вулиця;Чкалова;61;;;;45201, Волинська обл., Ківерцівський район, м.Ківерці, ВУЛИЦЯ ЧКАЛОВА, будинок 61;0721810100;UA07080110010029699
66;1010066;;;04074;м.;Київ;Оболонський;вулиця;Коноплянська;12;;;;04074, м.Київ, Оболонський район, ВУЛИЦЯ КОНОПЛЯНСЬКА, будинок 12;8038000000;UA80000000000551439
67;1010067;Сумська;;42001;м.;Ромни;;вулиця;Горького;67;;;;42001, Сумська обл., місто Ромни, ВУЛИЦЯ ГОРЬКОГО, будинок 67;5910700000;UA59060110010062596
68;1010068;Дніпропетровська;;49019;м.;Дніпро;;вулиця;Квітки - Основ`яненко;5;;;;49019, Дніпропетровська обл., місто Дніпро, Ленінський район, ВУЛИЦЯ КВІТКИ-ОСНОВ`ЯНЕНКО, будинок 5;1210138100;UA12020010010350200
69;1010069;Волинська;;43018;м.;Луцьк;;вулиця;ПОТЕБНІ;71;;;;43018, Волинська обл., місто Луцьк, ВУЛИЦЯ ПОТЕБНІ, будинок 71;0710100000;UA07080170010083384
70;1010070;Одеська;Білгород-Дністровський;67707;м.;Білгород-Дністровський;;вулиця;Гагаріна;33;;;;67704, Одеська обл., місто Білгород-Дністровський, ВУЛИЦЯ ГАГАРІНА, будинок 33;5110300000;UA51040010010048834
71;1010071;Хмельницька;Полонський;30501;м.;Полонне;;вулиця;ДЕСЯТИННА;36;;;;30501, Хмельницька обл., Полонський район, місто Полонне, ВУЛИЦЯ ДЕСЯТИННА, будинок 36;6823610100;UA68060210010068447
72;1010072;Запорізька;Бердянський;71108;м.;Бердянськ;;вулиця;Правди;80;;;;71108, Запорізька обл., місто Бердянськ, ВУЛИЦЯ ПРАВДИ, будинок 80;2310400000;UA23020050010019935
73;1010073;Харківська;Лозівський;64602;м.;Лозова;;провулок;Севастопольський;2Б;;;;64602, Харківська обл., місто Лозова, ПРОВУЛОК СЕВАСТОПОЛЬСЬКИЙ, будинок 2Б;6311000000;UA63100050010081626
74;1010074;Чернігівська;Прилуцький;17503;м.;Прилуки;;вулиця;Козача;56;;;;17503, Чернігівська обл., місто Прилуки, ВУЛИЦЯ КОЗАЧА, будинок 56;7410700000;UA74080130010045104
75;1010075;Рівненська;Сарненський;34503;м.;Сарни;;вулиця;Ткача;12;;;;34503, Рівненська обл., Сарненський район, місто Сарни, ВУЛИЦЯ ТКАЧА, будинок 12;5625400000;UA56080000000096146
76;1010076;Волинська;;45403;м.;Нововолинськ;;вулиця;Промислова;67;;;;45403, Волинська обл., місто Нововолинськ, ВУЛИЦЯ ПРОМИСЛОВА, будинок 67;0710700000;UA07020130010041880
77;1010077;Волинська;Любомльський;44301;м.;Любомль;;вулиця;1 Травня;127;;;;44301, Волинська обл., Любомльський район, місто Любомль, ВУЛИЦЯ 1 ТРАВНЯ, будинок 127;0723310100;UA07060270010018151
78;1010078;Полтавська;;36020;м.;Полтава;;вулиця;Соборності;28/13;;;;36020, Полтавська обл., місто Полтава, Октябрський район, ВУЛИЦЯ СОБОРНОСТІ, будинок 28/13;5310137000;UA53080370010339303
79;1010079;Сумська;Шосткинський;41100;м.;Шостка;;вулиця;Садовий бульвар;36А;;;;41100, Сумська обл., місто Шостка, ВУЛИЦЯ САДОВИЙ БУЛЬВАР, будинок 36А;5925300000;UA59100000000036457
80;1010080;Херсонська;;74900;м.;Нова Каховка;;вул.;Заводська;2-Н;;;;74900, Херсонська обл., місто Нова Каховка, вул.Заводська, 2-Н;6510700000;UA65060170010075325
81;1010081;Херсонська;Каховський;74800;м.;Каховка;;вулиця;Мелітопільська;83;;;;74800, Херсонська обл., місто Каховка, ВУЛИЦЯ МЕЛІТОПІЛЬСЬКА, будинок 83;6510400000;UA65060110010021041
82;1010082;Рівненська;;34400;м.;Вараш;;вулиця;Лісова;1;;;;34400, Рівненська обл., місто Вараш, ВУЛИЦЯ ЛІСОВА, будинок 1;5610700000;UA56020030010034121
83;1010083;Тернопільська;;46003;м.;Тернопіль;;вулиця;Бродівська;44;;;;46003, Тернопільська обл., місто Тернопіль, ВУЛИЦЯ БРОДІВСЬКА, будинок 44;6110100000;UA61040490010069060
84;1010084;Донецька;;87515;м.;Маріуполь;Центральний;вулиця;Італійська;40;;;;87515, Донецька обл., місто Маріуполь, Центральний район, ВУЛИЦЯ ІТАЛІЙСЬКА, будинок 40;1412336300;UA14140050010437700
85;1010085;Рівненська;Костопільський;35000;м.;Костопіль;;вулиця;ДРУЖБИ;2;;;;35000, Рівненська обл., Костопільський район, місто Костопіль, ВУЛИЦЯ ДРУЖБИ, будинок 2;5623410100;UA56060350010063070
86;1010086;Київська;Обухівський;8700;м.;Обухів;;вулиця;Жовтнева;174;;;;08700, Київська обл., місто Обухів, ВУЛИЦЯ ЖОВТНЕВА, будинок 174;3211600000;UA32120110010071582
87;1010087;Дніпропетровська;Нікопольський;53208;м.;Нікополь;;вулиця;Кооперативна;5;;;;53208, Дніпропетровська обл., місто Нікополь, ВУЛИЦЯ КООПЕРАТИВНА, будинок 5;1211600000;UA12080050010010114
88;1010088;Волинська;Павлоградський;45008;м.;Ковель;;вулиця;Незалежності;166-А;;;;45008, Волинська обл., місто Ковель, ВУЛИЦЯ Незалежності, будинок 166-А;0710400000;UA07060190010068509
89;1010089;Львівська;Жидачівський;81700;м.;Жидачів;;вулиця;Вокзальна;5;;;;81700, Львівська обл., Жидачівський район, місто Жидачів, ВУЛИЦЯ ВОКЗАЛЬНА, будинок 5;4621510100;UA46100050010010600
90;1010090;Черкаська;Уманський;20301;м.;Умань;;вулиця;Індустріальна;14А;;;;20301, Черкаська обл., місто Умань, ВУЛИЦЯ ІНДУСТРІАЛЬНА, будинок 14А;7110800000;UA71060210010010251
91;1010091;Волинська;Ратнівський;27500;смт.;Ратне;;вулиця;1-го Травня;34;;;;44101, Волинська обл., Ратнівський район, селище міського типу Ратне, ВУЛИЦЯ 1-ГО ТРАВНЯ, будинок 34;0724255100;UA07060310010081210
92;1010092;Закарпатська;;89611;м.;Мукачево;;вулиця;АКАДЕМІКА МОРОЗОВА;20;;;;89611, Закарпатська обл., місто Мукачево, ВУЛИЦЯ АКАДЕМІКА МОРОЗОВА, будинок 20;2110400000;UA21040150010056148
93;1010093;Хмельницька;Волочиський;31202;м.;Волочиськ;;вулиця;Олександра Довженка;2-Ж;;;;31202, Хмельницька обл., Волочиський район, місто Волочиськ, ВУЛИЦЯ ОЛЕКСАНДРА ДОВЖЕНКА, будинок 2-Ж;6820910100;UA68040090010095929
94;1010094;Кіровоградська;;25015;м.;Кропивницький;Подільський;вулиця;Євгена Маланюка;11-А;;;;25015, Кіровоградська обл., м.Кропивницький, Подільський р-н., вул. Євгена Маланюка, 11-А;3510136600;UA35040210010145346
95;1010095;Миколаївська;;55001;м.;Южноукраїнськ;;вулиця;Дружби народів;5/5;;;;55001, Миколаївська обл., місто Южноукраїнськ, ВУЛИЦЯ ДРУЖБИ НАРОДІВ, будинок 5/5;4810800000;UA48040250010045068
96;1010096;Луганська;Станично-Луганський;93600;смт.;Станиця Луганська;;вулиця;БУКАЄВА;53;;;;93600, Луганська обл., Станично-Луганський район, селище міського типу Станиця Луганська, ВУЛИЦЯ БУКАЄВА, будинок 53;4424855100;UA44160050010037864
97;1010097;Запорізька;Токмацький;71701;м.;Токмак;;вулиця;Карла Лібкнехта;103;;;;71701, Запорізька обл., місто Токмак, ВУЛИЦЯ КАРЛА ЛІБКНЕХТА, будинок 103;2311000000;UA23100270010029314
98;1010098;Запорізька;;69089;м.;Запоріжжя;;вулиця;Істоміна;6;;;;69089, Запорізька обл., місто Запоріжжя, Дніпровський район, ВУЛИЦЯ ІСТОМІНА, будинок 6;2310136900;UA23060070010228148
99;1010099;Чернігівська;Ніжинський;16610;м.;Ніжин;;вулиця;Генерала Корчагіна;2;;;;16610, Чернігівська обл., місто Ніжин, ВУЛИЦЯ ГЕНЕРАЛА КОРЧАГІНА, будинок 2;7410400000;UA74040250010023991
100;1010100;Сумська;Конотопський;41600;м.;Конотоп;;вулиця;Садова;16;;;;41600, Сумська обл., місто Конотоп, ВУЛИЦЯ САДОВА, будинок 16;5910400000;UA59020070010054283
101;1010101;Полтавська;;39801;м.;Горішні Плавні;;вулиця;Строна;1;;;;39801, Полтавська обл., місто Горішні Плавні, ВУЛИЦЯ СТРОНА, будинок 1;5310200000;UA53020030010087471
102;1010102;Вінницька;;23100;м.;Жмеринка;;вулиця;Київська;18;;;;23100, Вінницька обл., місто Жмеринка, ВУЛИЦЯ КИЇВСЬКА, будинок 18;0510300000;UA05060050010030599
103;1010103;Миколаївська;;56501;м.;Вознесенськ;;вулиця;Соборності;13;;;;56501, Миколаївська обл., місто Вознесенськ, ВУЛИЦЯ СОБОРНОСТІ, будинок 13;4810200000;UA48040070010053688
104;1010104;Луганська;Кремінський;92905;м.;Кремінна;;провулок;ПІЩАНИЙ;10;;;;92905, Луганська обл., Кремінський район, місто Кремінна, ПРОВУЛОК ПІЩАНИЙ, будинок 10;4421610100;UA44120030010038707
105;1010105;Сумська;;41400;м.;Глухів;;вулиця;ТЕРЕЩЕНКІВ;55;;;;41400, Сумська обл., місто Глухів, ВУЛИЦЯ ТЕРЕЩЕНКІВ, будинок 55;5910300000;UA59100030010033445
106;1010106;Херсонська;Генічеський;75500;м.;Генічеськ;;проспект;Миру;109-Б;;;;75500, Херсонська обл., Генічеський район, місто Генічеськ, ПРОСПЕКТ МИРУ, будинок 109-Б;6522110100;UA65040010010040633
107;1010107;Дніпропетровська;;08601;м.;Васильків;;вулиця;ГОГОЛЯ;5-А;;;;08601, Київська обл., місто Васильків, ВУЛИЦЯ ГОГОЛЯ, будинок 5-А;3210700000;UA32120030010069648
108;1010108;Львівська;;80109;м.;Червоноград;;вулиця;Богдана Хмельницького;61;;;;80109, Львівська обл., місто Червоноград, ВУЛИЦЯ БОГДАНА ХМЕЛЬНИЦЬКОГО, будинок 61;4611800000;UA46120130010071117
109;1010109;Львівська;Яворівський;81085;с.;Підрясне;;вулиця;Європейська;1;;;;81085, Львівська обл., Яворівський р-н., с.Підрясне вул.Європейська, 1;4625887503;UA46060250180032664
110;1010110;Київська;;08304;м.;Бориспіль;;вулиця;Головатого;83;;;;08304, Київська обл., місто Бориспіль, ВУЛИЦЯ ГОЛОВАТОГО, будинок 83;3210500000;UA32040010010093209
111;1010111;;;3026;м.;Київ;Голосіївський;вулиця;ПИРОГОВСЬКИЙ ШЛЯХ;135;;;;03026, м.Київ, Голосіївський район, ВУЛИЦЯ ПИРОГОВСЬКИЙ ШЛЯХ, будинок 135;8036100000;UA80000000000126643
112;1010112;Запорізька;;69014;м.;Запоріжжя;;вулиця;КАРПЕНКА-КАРОГО;47;;;;69014, Запорізька обл., місто Запоріжжя, Шевченківський район, ВУЛИЦЯ КАРПЕНКА-КАРОГО, будинок 47;2310137500;UA23060070010748330
113;1010113;Харківська;Дергачівський;62302;м.;Дергачі;;вулиця;СУМСЬКИЙ ШЛЯХ;158;;;;62302, Харківська обл., Дергачівський район, місто Дергачі, ВУЛИЦЯ СУМСЬКИЙ ШЛЯХ, будинок 158;6322010100;UA63120070010085847
114;1010114;Харківська;Харківський;62416;смт.;Пісочин;;вулиця;ПОЛТАВСЬКЕ ШОСЕ;157-А;;;;62416, Харківська обл., Харківський район, селище міського типу Пісочин, ВУЛИЦЯ ПОЛТАВСЬКЕ ШОСЕ, будинок 157-А;6325157900;UA63120210010032897
115;1010115;Запорізька;;69006;м.;Запоріжжя;Дніпровський;вулиця;Портова;2;;;;69006, Запорізька обл., м.Запоріжжя, Дніпровський р-н., вул.Портова, 2;2310136900;UA23060070010228148
116;1010116;Полтавська;;39600;м.;Кременчук;;вулиця;ІГОРЯ СЕРДЮКА;47;;;;39600, Полтавська обл., місто Кременчук, Крюківський район, ВУЛИЦЯ ІГОРЯ СЕРДЮКА, будинок 47;5310436500;UA53020110010228624
117;1010117;Полтавська;Семенівський;38200;смт.;Семенівка;;вулиця;ПЕРЕМОГИ;7;;;;38200, Полтавська обл., Семенівський район, селище міського типу Семенівка, ВУЛИЦЯ ПЕРЕМОГИ, будинок 7;5324555100;UA53020230010086475
118;1010118;Запорізька;;69002;м.;Запоріжжя;Комунарський;вулиця;Космічна;121;;;;69002, Запорізька обл., м.Запоріжжя, Комунарський р-н., вул.Космічна, 121;2310136700;UA23060070010474202
119;1010119;Харківська;;61124;м.;Харків;Слобідський;вулиця;Олександра Матросова;20;;;;61124, Харківська обл., місто Харків, Слобідський район, ВУЛИЦЯ ОЛЕКСАНДРА МАТРОСОВА, будинок 20;6310136900;UA63120270010736370
120;1010120;Львівська;;82106;м.;Дрогобич;;вулиця;Володимира Великого;66-1;;;;82106, Львівська обл., місто Дрогобич, ВУЛИЦЯ ВОЛОДИМИРА ВЕЛИКОГО, будинок 66-1;4610600000;UA46020030010069501
121;1010121;Кіровоградська;;25014;м.;Кропивницький;Фортечний;вулиця;Oлeгa Паршутіна;28;;;;25014, Кіровоградська обл., м.Кропивницький, Фортечний р-н., Oлeгa Паршутіна, 28;3510136300;UA35040210010286392
122;1010122;;;03124;м.;Київ;Солом`янський;вулиця;РАДИЩЕВА;12-16;;;;03124, м.Київ, Солом`янський район, ВУЛИЦЯ РАДИЩЕВА, будинок 12-16;8038900000;UA80000000000980793
123;1010123;Полтавська;Зіньківський;38100;м.;Зіньків;;вулиця;Воздвиженська;1-К;;;;38100, Полтавська обл., Зіньківський район, місто Зіньків, ВУЛИЦЯ ВОЗДВИЖЕНСЬКА, будинок 1-К;5321310100;UA53080090010093569
124;1010124;Волинська;;43020;м.;Луцьк;;вулиця;Рівненська;76-А;;;;43020, Волинська обл., місто Луцьк, ВУЛИЦЯ РІВНЕНСЬКА, будинок 76-А;0710100000;UA07080170010083384
125;1010125;Донецька;;85307;м.;Покровськ;;МІКРОРАЙОН;Шахтарський;2-Б;;;;85307, Донецька обл., місто Покровськ, МІКРОРАЙОН ШАХТАРСЬКИЙ, будинок 2-Б;1413200000;UA14160210010099403
126;1010126;Миколаївська;;55210;м.;Первомайськ;;вулиця;Вознесенська;52-Б;;;;55210, Миколаївська обл., місто Первомайськ, ВУЛИЦЯ ВОЗНЕСЕНСЬКА, будинок 52-Б;4810400000;UA48080130010068596
127;1010127;Івано-Франківська;Рогатинський;77001;м.;Рогатин;;вулиця;Галицька;86;;;;77001, Івано-Франківська обл., Рогатинський район, місто Рогатин, ВУЛИЦЯ ГАЛИЦЬКА, будинок 86;2624410100;UA26040270010067876
128;1010128;Тернопільська;Теребовлянський;48101;м.;Теребовля;;вулиця;КНЯЗЯ ВАСИЛЬКА;107;;;;48101, Тернопільська обл., Теребовлянський район, місто Теребовля, ВУЛИЦЯ КНЯЗЯ ВАСИЛЬКА, будинок 107;6125010100;UA61040470010037126
129;1010129;Одеська;;65075;м.;Одеса;Малиновський;вулиця;МОТОРНА;8/К1;;;;65075, Одеська обл., місто Одеса, Малиновський район, ВУЛИЦЯ МОТОРНА, будинок 8/К1;5110137300;UA51100270010275193
130;1010130;Вінницька;Бершадський;24400;м.;Бершадь;;вулиця;Юрія Коваленка;19;;;;24400, Вінницька обл., Бершадський р-н., м.Бершадь, вул.Юрія Коваленка, 19;0520410100;UA05040010010024726
131;1010131;Донецька;;84404;м.;Лиман;;вулиця;Привокзальна;35-А;;;;84404, Донецька обл., місто Лиман, ВУЛИЦЯ ПРИВОКЗАЛЬНА, будинок 35-А;1413300000;UA14120110010088407
132;1010132;Вінницька;Гайсинський;23700;м.;Гайсин;;вулиця;МЕХАНІЗАТОРІВ;15-А;;;;23700, Вінницька обл., Гайсинський район, місто Гайсин, ВУЛИЦЯ МЕХАНІЗАТОРІВ, будинок 15-А;0520810100;UA05040030010071792
133;1010133;;;03151;м.;Київ;Солом`янський;проспект;ПОВІТРОФЛОТСЬКИЙ;64;;;;03151, м.Київ, Солом`янський район, ПРОСПЕКТ ПОВІТРОФЛОТСЬКИЙ, будинок 64;8038900000;UA80000000000980793
134;1010134;Вінницька;;21037;м.;Вінниця;;;Сабарівське шосе;4-А;;;;21037, Вінницька обл., м.Вінниця, Сабарівське шосе, 4-А;0510100000;UA05020030010063857
135;1010135;Донецька;Мар’їнський;85612;м.;Курахове;;вулиця;Грушева;9/1;;;;85612, Донецька обл., Мар’їнський р-н., м.Курахове, вул.Грушева, 9/1;1423310600;UA14160110010020758
136;1010136;;;02218;м.;Київ;Дніпровський;бульвар;Перова;19-А;;;;02218, м.Київ, Дніпровський район, БУЛЬВАР ПЕРОВА, будинок 19-А;8036600000;UA80000000000479391
137;1010137;Дніпропетровська;;49041;м.;Дніпро;Соборний;проспект;Праці;2-А;;;;49041, Дніпропетровська обл., місто Дніпро, Соборний район, ПРОСПЕКТ ПРАЦІ, будинок 2-А;1210136900;UA12020010010512802
138;1010138;Донецька;;85323;м.;Мирноград;;вулиця;ЦЕНТРАЛЬНА;18;;;;85323, Донецька обл., місто Мирноград, ВУЛИЦЯ ЦЕНТРАЛЬНА, будинок 18;1411300000;UA14160150010065527
139;1010139;Рівненська;;35063;м.;Дубно;;вулиця;Стефаника;6;;;;35063, Рівненська обл., місто Дубно, ВУЛИЦЯ СТЕФАНИКА, будинок 6;5610300000;UA56040110010080334
140;1010140;Київська;;08292;м.;Буча;;вулиця;Яблунська;144;;;;08292, Київська обл., м.Буча, вул.Яблунська, 144;3210800000;UA32080070010087821
141;1010141;Івано-Франківська;;77304;м.;Калуш;;вулиця;Каракая;24;;;;77304, Івано-Франківська обл., м.Калуш, вул.Каракая, 24;2610400000;UA26060170010082672
142;1010142;Сумська;Кролевецький;41300;м.;Кролевець;;вулиця;ГЕРОЇВ КРУТ;15;;;;41300, Сумська обл., Кролевецький район, місто Кролевець, ВУЛИЦЯ ГЕРОЇВ КРУТ, будинок 15;5922610100;UA59020090010081204
143;1010143;Одеська;;66101;м.;Балта;;вулиця;Садова;11;;;;66101, Одеська обл, м.Балта, вул.Садова, 11;5110200000;UA51120030010033524
144;1010144;Херсонська;Скадовський;75700;м.;Скадовськ;;вулиця;В`ячеслава Чорновола;103;;;;75700, Херсонська обл., Скадовський р-н., м.Скадовськ, вул.В`ячеслава Чорновола, 103;6524710100;UA65080150010023642
145;1010145;Закарпатська;Ужгородський;89427;с.;Минай;;вулиця;Патруса Карпатського;13-А;;;;89427, Закарпатська обл., Ужгородський р-н., с.Минай, вул. Патруса Карпатського, 13-А;2124887403;UA21100250060052060
146;1010146;Тернопільська;;89427;м.;Бережани;;вулиця;Привокзальна;1;;;;89427, Тернопільська обл., м.Бережани, вул. Привокзальна, 1;6110500000;UA61040030010016917
147;1010147;Львівська;Дрогобицький;82200;м.;Трускавець;;вулиця;Мазепи;42-Б;;;;82200, Львівська обл., Дрогобицький р-н., м.Трускавець, вул.Мазепи, 42-Б;4611500000;UA46020090010062870
148;1010148;Донецька;;86060;м.;Авдіївка;;проспект;Індустріальний;1;;;;86060, Донецька обл., місто Авдіївка, ПРОСПЕКТ ІНДУСТРІАЛЬНИЙ, будинок 1;1410200000;UA14160010010073615
149;1010149;Харківська;;64102;м.;Первомайський;;;1/2 мікрорайон;55;;;;64102, Харківська обл., місто Первомайський, 1/2 МІКРОРАЙОН, будинок 55;6311500000;UA63100090010068250
150;1010150;;;02222;м.;Київ;Деснянський;вулиця;Електротехнічна;43-А;;;;02222, м.Київ, Деснянський район, ВУЛИЦЯ ЕЛЕКТРОТЕХНІЧНА, будинок 43-А;8036400000;UA80000000000336424
151;1010151;;;67400;м.;Київ;Шевченківський;вулиця;СІМ`Ї ХОХЛОВИХ;11/2;;;;04119, м.Київ, Шевченківський район, ВУЛИЦЯ СІМ`Ї ХОХЛОВИХ, будинок 11/2;8039100000;UA80000000001078669
152;1010152;Рівненська;;33027;м.;Рівне;;вулиця;Данила Галицького;27;;;;33027, Рівненська обл., м.Рівне, ВУЛИЦЯ Данила Галицького, будинок 27;5610100000;UA56060470010041018
153;1010153;Черкаська;Звенигородський;20202;м.;Звенигородка;;вулиця;В’ячеслава Липинського;27;;;;20202, Черкаська обл, Звенигородський р-н., м.Звенигородка, вул.В’ячеслава Липинського, 27;7121210100;UA71020130010081908
154;1010154;Одеська;;68100;м.;Ізмаїл;;вулиця;Шевченка;120;;;;68610, Одеська обл, м.Ізмаїл, вул.Шевченка, 120;5110600000;UA51080030010072039
155;1010155;Херсонська;;73008;м.;Херсон;Дніпровський;вулиця;Ладичука;150;;;;73008, Херсонська обл., м.Херсон, Дніпровський р-н., вул.Ладичука, 150;6510136300;UA65100150010123057
156;1010156;Дніпропетровська;;51205;м.;Новомосковськ;;вулиця;Спаська;16;;;;51205, Дніпропетровська обл., м.Новомосковськ, вул.Спаська,16;1211900000;UA12100070010038698
157;1010157;Полтавська;Чаплинський;37503;м.;Лубни;;проспект;Вoлодимирський;94-А;;;;37503, Полтавська обл., м.Лубни, проспект Вoлодимирський, 94-А;5310700000;UA53040030010081016
158;1010158;Сумська;Путивльський;41500;м.;Путивль;;вулиця;Кузнечна;28;;;;41500, Сумська обл., Путивльський р-н., м.Путивль, вул.Кузнечна, 28;5923810100;UA59020150010023159
159;1010159;Запорізька;Пологівський;70607;м.;Пологи;;вулиця;Шевченка;6;;;;70608, Запорізька обл., Пологівський р-н., м.Пологи, вул.Шевченка, 6;2324210100;UA23100190010032690
160;1010160;Луганська;;93106;м.;Лисичанськ;;вулиця;Володимира Сосюри;131-Б;;;;93106, Луганська обл., м.Лисичанськ, вул. Володимира Сосюри, 131-Б;4411800000;UA44120050010021900
161;1010161;Чернівецька;;58015;м.;Чернівці;;вулиця;Калинівська;13-В;;;;58015, Чернівецька обл., м.Чернівці, вул. Калинівська, 13-В;7310100000;UA73060610010033137
162;1010162;Київська;;08298;смт.;Коцюбинське;;вулиця;Пономарьова;17;;;;08298, Київська обл., смт.Коцюбинське, вул. Пономарьова, 17;3210946200;UA32080170010013153
163;1010163;Кіровоградська;;27500;м.;Світловодськ;;вулиця;Приморська;38-А;;;;27500, Кіровоградська обл., м.Світловодськ, вул. Приморська, 38-А;3510900000;UA35080170010073614
164;1010164;Полтавська;;37300;м.;Гадяч;;вулиця;Лесі Українки;1-А;;;;37300, Полтавська обл., м.Гадяч, вул. Лесі Українки, 1-А;5310300000;UA53060090010040802
165;1010165;Запорізька;;71503;м.;Енергодар;;;ГСК №1;;;;;71503, Запорізька обл., м.Енергодар, ГСК №1;2312500000;UA23040110010044100
166;1010166;Одеська;;65101;м.;Одеса;Київський;проспект;Небесної сотні;4-7;;;;65101, Одеська обл., м.Одеса, Київський р-н., проспект Небесної Сотні, 4-7;5110136900;UA51100270010196805
167;1010167;Чернівецька;;58023;м.;Чернівці;;вулиця;Олени Пчілки;10;;;;58023, Чернівецька обл., м.Чернівці, вул. Олени Пчілки, 10;7310100000;UA73060610010033137
168;1010168;Житомирська;Коростенський;11501;м.;Коростень;;вулиця;Шевченка;2;;;;11501, Житомирська обл., Коростенський р-н., м.Коростень, вул. Шевченка, 2;1810700000;UA18060090010074365
169;1010169;Миколаївська;;54052;м.;Миколаїв;Корабельний;вулиця;Доктора Самойловича;35;;;;54052, Миколаївська обл., м.Миколаїв, Корабельний р-н., вул.Доктора Самойловича, 35;4810136600;UA48060150010393291
170;1010170;Донецька;;85400;м.;Селидове;;вулиця;Карла Маркса;41-А;;;;85400, Донецька обл., м.Селидове, вул.Карла Маркса, 41-А;1413800000;UA14160230010080205
171;1010171;Дніпропетровська;;50014;м.;Кривий Ріг;Покровський;вулиця;Тихвінська;1-А;;;;50014, Дніпропетровська обл., м.Кривий Ріг, Покровський р-н., вул.Тихвінська, 1-А;1211036600;UA12060170010439451
172;1010172;Сумська;;42600;м.;Тростянець;;вулиця;Благовіщенська;58-А;;;;42600, Сумська обл., м.Тростянець, вул.Благовіщенська, 58-А;5925010100;UA59040130010060037
173;1010173;Харківська;;63702;м.;Куп`янськ;;вулиця;Сватівська;56;;;;63702, Харківська обл., м.Куп`янськ, вул.Сватівська, 56;6310700000;UA63080090010026457
174;1010174;Донецька;;87505;м.;Маріуполь;Лівобережний;вулиця;ТАГАНРОЗЬКА;5;;;;87505, Донецька обл., м.Маріуполь, Лівобережний р-н., вул.Таганрозька, 5;1412336900;UA14140050010258579
175;1010175;Черкаська;;19003;м.;Канів;;вулиця;Енергетиків;139-Л;;;;19003, Черкаська обл., м.Канів, вул.Енергетиків, 139-Л;7110300000;UA71080150010077910
176;1010176;Одеська;Одеський;67633;с.;Латівка;;вулиця;Живахова гора;1;;;;67633, Одеська обл., Одеський р-н., с.Латівка, вул.Живахова гора, 1;5121080302;UA51100330060062893
177;1010177;Хмельницька;Шепетівський;30002;м.;Славута;;вулиця;Миру;104;;;;30002, Хмельницька обл., Шепетівський р-н., м.Славута, вул.Миру, 104;6810600000;UA68060270010040268
178;1010178;Кіровоградська;;28000;м.;Олександрія;;вулиця;Діброви;16;;;;28000, Кіровоградська обл., м.Олександрія, вул.Діброви, 16;3510300000;UA35080050010051027
179;1010179;Волинська;;28000;м.;Горохів;;вулиця;Козацька;23;;;;28000, Волинська обл., Горохівський р-н., м.Горохів, вул.Козацька,23;0720810100;UA07080070010026475
180;1010180;Запорізька;;69063;м.;Запоріжжя;Комунарський;вулиця;Сергія Серікова;30;;;;69063, Запорізька обл., м.Запоріжжя, Комунарський р-н., вул.Сергія Серікова, 30;2310136700;UA23060070010474202
181;1010181;Харківська;;61052;м.;Харків;Новобаварський;вулиця;Мала Гончарівська;17;;;;61052, Харківська обл., м.Харків, Новобаварський р-н., вул.Мала Гончарівська 17;6310137900;UA63120270010565081
182;1010182;Київська;;09113;м.;Біла Церква;;вулиця;Матросова;48-А;;;;09113, Київська обл., м.Біла Церква, вул.Матросова 48-А;3210300000;UA32020010010081183
183;1010183;Хмельницька;Дунаєвецький;32401;м.;Дунаївці;;вулиця;ШЕВЧЕНКА;115/11;;;;32401, Хмельницька обл., Дунаєвецький р-н., м.Дунаївці, вул.Шевченка, 115/11;6821855300;UA68020170010098306
184;1010184;Закарпатська;Виноградівський;90300;м.;Виноградів;;вулиця;Вакарова;20;;;;90300, Закарпатська обл., Виноградівський р-н., м.Виноградів, вул.Вакарова, 20;2121210100;UA21020110010043238
185;1010185;Закарпатська;Тячівський;90433;м.;Тячів;;вулиця;Незалежності;205;;;;90433, Закарпатська обл., Тячівський р-н., м.Тячів, вул.Незалежності, 205;2124410100;UA21080150010051267
186;1010186;;;01042;м.;Київ;Печерський;провулок;Новопечерський;5;;;;01042, м.Київ, Печерський р-н., Новопечерський провулок, 5;8038200000;UA80000000000624772
187;1010187;Рівненська;Радивилівський;35500;м.;Радивилів;;вулиця;Кременецька;26;;;;35500, Рівненська обл., Радивилівський р-н., м.Радивилів, вул.Кременецька, 26;5625810100;UA56040290010062068
188;1010188;Дніпропетровська;;51404;м.;Павлоград;;вулиця;Дніпровська;49;;;;51404, Дніпропетровська обл., м.Павлоград, вул.Дніпровська, 49;1212400000;UA12120070010055676
189;1010189;Черкаська;;20708;м.;Сміла;;вулиця;Тараса Шевченка;77;;;;20708, Черкаська обл., м.Сміла, вул.Тараса Шевченка, 77;7110400000;UA71040090010057400
190;1010190;Черкаська;;20300;м.;Умань;;вулиця;Тищика;4;;;;20300, Черкаська обл., м.Умань, вул.Тищика, 4;7110800000;UA71060210010010251
191;1010191;Полтавська;Лохвицький;37200;м.;Лохвиця;;вулиця;Перемоги;11;;;;37200, Полтавська обл., Лохвицький р-н., м.Лохвиця, вул.Перемоги, 11;5322610100;UA53060190010016735
192;1010192;Чернігівська;;14001;м.;Чернігів;Новозаводський;вулиця;Івана Мазепи;63;;;;14001, Чернігівська обл., м.Чернігів, Новозаводський р-н., вул.Івана Мазепи, 63;7410136600;UA74100390010268220
193;1010193;Одеська;;65000;м.;Одеса;Суворовський;вулиця;Агрономічна;205/3;;;;65000, Одеська обл., м.Одеса, Суворовський р-н., вул.Агрономічна, 205/3;5110137600;UA51100270010413116
194;1010194;Миколаївська;Баштанський;56101;м.;Баштанка;;вулиця;Театральна;3;;;;56101, Миколаївська обл., Баштанський р-н., м.Баштанка, вул.Театральна, 3;4820610100;UA48020010010072548
195;1010195;Дніпропетровська;Петропавлівський;52700;смт.;Петропавлівка;;вулиця;Соборна;121;;;;52700, Дніпропетровська обл., Петропавлівський р-н., смт.Петропавлівка, вул.Соборна, 121;1223855100;UA12140230010014772
196;1010196;Луганська;Старобільський;92704;м.;Старобільськ;;вулиця;Георгія Лангемака;76-А;;;;92704, Луганська обл., Старобільський р-н., м.Старобільськ, вул.Георгія Лангемака, 76-А;4425110100;UA44140110010014704
197;1010197;Хмельницька;;30100;м.;Нетішин;;вулиця;ШЕВЧЕНКА;26;;;;30100, Хмельницька обл., м.Нетішин, вул.Шевченка, 26;6810500000;UA68060170010043609
198;1010198;Вінницька;Тульчинський;23600;м.;Тульчин;;вулиця;Петра Захарова;36;;;;23600, Вінницька обл., Тульчинський р-н., м.Тульчин, вул.Петра Захарова, 36;0524310100;UA05100150010035552
199;1010199;Харківська;Зміївський;63460;смт.;Слобожанське;;;Балаклійське шосе;8;;;;63460, Харківська обл., Зміївський р-н., смт.Слобожанське, Балаклійське шосе, 8;6321755600;UA63140110010076882
200;1010200;Київська;Києво-Святошинський;08162;смт.;Чабани;;вулиця;Машинобудівників;1;;;;08162, Київська обл., Києво-Святошинський р-н., смт.Чабани, вул.Машинобудівників, 1;3222457400;UA32140170010072394
201;1010201;Чернігівська;Бахмацький;16500;м.;Бахмач;;вулиця;Богомольця;2;;;;16500, Чернігівська обл., Бахмацький р-н., м.Бахмач, вул.Богомольця, 2;7420310100;UA74040030010089994
202;1010202;Полтавська;Глобинський;39000;м.;Глобине;;вулиця;Виноградна;3-А;;;;39000, Полтавська  обл., Глобинський р-н., м. Глобине, вул. Виноградна, 3-А;5320610100;UA53020010010016768
203;1010203;Дніпропетровська;;49024;м.;Дніпро;Амур-Нижньодніпровський;вулиця;Каруни;75;;;;49024, Дніпропетровська  обл., м.Дніпро, Амур-Нижньодніпровський р-н., вул.Каруни, 75;1210136300;UA12020010010114149
204;1010204;Харківська;;64305;м.;Ізюм;;вулиця;Гостинна;2;;;;64305, Харківська  обл.,  м.Ізюм, вул.Гостинна, 2;6310400000;UA63040090010029555
205;1010205;Дніпропетровська;;51909;м.;Кам`янське;;провулок;Цегляний;19;;;;51909, Дніпропетровська  обл., м.Кам`янське, провулок Цегляний, 19;1210400000;UA12040150010056523
206;1010206;Хмельницька;;29025;м.;Хмельницький;;вулиця;Курчатова;117-А;;;;29025, Хмельницька  обл., м.Хмельницький, вул.Курчатова 117-А;6810100000;UA68040470010096613
207;1010207;Дніпропетровська;;51206;м.;Новомосковськ;;вулиця;Микити Головка;12;;;;51206, Дніпропетровська  обл., м.Новомосковськ, вул.Микити Головка , 12;1211900000;UA12100070010038698
208;1010208;Полтавська;;36008;м.;Полтава;Шевченківський;вулиця;Комарова;5;;;;36008, Полтавська  обл., м.Полтава, Шевченківський р-н., вул.Комарова, 5;5310100000;UA53080370010073240
209;1010209;Одеська;;68001;м.;Чорноморськ;;вулиця;Транспортна;14;;;;68001, Одеська  обл., м.Чорноморськ, вул.Транспортна, 14;5110800000;UA51100370010020298
210;1010210;Волинська;Шацький;44000;м.;Шацьк;;вулиця;50 років Перемоги;6;;;;44000, Волинська  обл., Шацький р-н., м.Шацьк, вул.50 років Перемоги, 6;0725755100;UA07060450010076290
211;1010211;Харківська;;61001;м.;Харків;Слобідський;вулиця;Польова;83;;;;61001, Харківська обл., м.Харків, Слобідський р-н., вул.Польова, 83;6310136900;UA63120270010736370
212;1010212;Вінницька;;22000;м.;Хмільник;;вулиця;Монастирська;8-А;;;;22000, Вінницька обл., м. Хмільник, вул.Монастирська, 8-А;0510900000;UA05120170010081140
213;1010213;Івано-Франківська;;78208;м.;Коломия;;вулиця;Симоненка;1-Г;;;;78208, Івано-Франківська обл., м.Коломия, вул.Симоненка, 1-Г;2610600000;UA26080070010075786
214;1010214;Київська;;07101;м.;Славутич;;вулиця;Чернігівська;10;;;;07101, Київська обл., м.Славутич, вул.Чернігівська, 10;3211500000;UA32100130010084793
215;1010215;Дніпропетровська;;49098;м.;Дніпро;Амур-Нижньодніпровський;вулиця;Любарського;159;;;;49098, Дніпропетровська обл., м.Дніпро, Амур-Нижньодніпровський р-н., вул.Любарського, 159;1210136300;UA12020010010114149
216;1010216;Черкаська;Чигиринський;20901;м.;Чигирин;;вулиця;Грушевського;16-А;;;;20901, Черкаська обл., Чигиринський р-н., м.Чигирин, вул.Грушевського, 16-А;7125410100;UA71080510010036826
217;1010217;Полтавська;;37000;м.;Пирятин;;вулиця;Ярмаркова;28;;;;37000, Полтавська обл., Пирятинський р-н., м.Пирятин, вул.Ярмаркова, 28;5323810100;UA53040090010096696
218;1010218;Одеська;;66302;м.;Подільськ;;вулиця;Успенська;14-А;;;;66302, Одеська обл., м.Подільськ, вул.Успенська, 14-А;5111200000;UA51120190010049331
219;1010219;Миколаївська;;55213;м.;Первомайськ;;вулиця;Вокзальна;34;;;;55213, Миколаївська обл., м.Первомайськ, вул.Вокзальна, 34;4810400000;UA48080130010068596
220;1010220;Херсонська;;73034;м.;Херсон;Корабельний;вулиця;Робоча;82-А;;;;73034, Херсонська обл., м.Херсон, Корабельний р-н., вул.Робоча, 82-А;6510136600;UA65100150010217771
221;1010221;Івано-Франківська;Городенківський;78103;м.;Городенка;;вулиця;Затишна;36;;;;78103, Івано-Франківська обл., Городенківський р-н.,м.Городенка, вул.Затишна, 36;2621610100;UA26080030010035324
222;1010222;Тернопільська;Шумський;47101;м.;Шумськ;;вулиця;Вілійська;6-Г;;;;47101, Тернопільська обл., Шумський р-н., м.Шумськ, вул. Вілійська, 6-Г;6125810100;UA61020150010042611
223;1010223;Донецька;;84511;м.;Бахмут;;вулиця;Різдвяна;27;;;;84511, Донецька обл., м.Бахмут, вул.Різдвяна, 27;1410300000;UA14020010010059145
224;1010224;Київська;Макарівський;08001;м.;Макарів;;вулиця;Гагаріна;8;;;;08001, Київська обл., Макарівський р-н., м.Макарів, вул.Гагаріна, 8;3222755100;UA32080190010023112
225;1010225;Запорізька;Оріхівський;70504;м.;Оріхів;;вулиця;Марії Сокіл;28;;;;70504, Запорізька обл., Оріхівський р-н., м.Оріхів, вул.Марії Сокіл, 28;2323910100;UA23100170010023304
226;1010226;Харківська;;61000;м.;Харків;Холодногірський;вулиця;Кононенка;ряд 21-А, місце 7;;;;61000, Харківська обл., м.Харків, Холодногірський р-н., вул.Кононенка, ряд 21-А, місце 7;6310137200;UA63120270010877312
227;1010227;Житомирська;Бердичівський;13306;м.;Бердичів;;вулиця;ПРИВОКЗАЛЬНА;3;;;;13306, Житомирська обл., Бердичівський р-н., м.Бердичів, вул.Привокзальна, 3;1810400000;UA18020030010047029
228;1010228;Вінницька;;;м.;Ямпіль;;вулиця;Богдана Хмельницького;44/84;;;;Вінницька обл., Ямпільський р-н. м.Ямпіль, вулиця Богдана Хмельницького, 44/84;4810136900;UA48060150010235917
229;1010229;Київська;Фастівський;08623;смт.;Калинівка;;вулиця;Залізнична;164;;;;08623, Київська обл., Фастівський  р-н., смт.Калинівка, вул.Залізнична, 164;3221455800;UA32140090010093169
230;1010230;Дніпропетровська;Нікопольський;53407;м.;Марганець;;вулиця;Кленова;12-А;;;;53407, Дніпропетровська обл., Нікопольський р-н., м.Марганець, вул.Кленова, 12-А;1211300000;UA12080010010085669
231;1010231;Дніпропетровська;;51937;м.;Кам`янське;Дніпровський;проспект;Наддніпрянський;1-Б;;;;51937, Дніпропетровська обл., м.Кам`янське, Дніпровський р-н.,  проспект Наддніпрянський, 1-Б;1210436600;UA12040150010118924
232;1010232;Полтавська;Миргородський;37600;м.;Миргород;;вулиця;Данила Апостола;38;;;;37600, Полтавська обл., Миргородський р-н., м.Миргород, вул.Данила Апостола, 38;5310900000;UA53060230010027681
233;1010233;Чернігівська;;14013;м.;Чернігів;Деснянський;вулиця;Боднарука;28;;;;14013, Чернігівська обл., м.Чернігів, Деснянський р-н., вул.Любомира Боднарука, 28;7410136300;UA74100390010122363
234;1010234;Одеська;Болградський;68702;м.;Болград;;проспект;СОБОРНИЙ;108;;;;68702, Одеська обл., Болградський р-н., м.Болград, проспект Соборний, 108;5121410100;UA51060030010048411
235;1010235;Одеська;Роздільнянський;67400;м.;Роздільна;;вулиця;Європейська;52;;;;67400, Одеська обл., Роздільнянський р-н., м.Роздільна, вул.Європейська, 52;5123910100;UA51140130010040641
236;1010236;Житомирська;Житомирський;12501;м.;Коростишів;;вулиця;Героїв Небесної Сотні;68;;;;12501, Житомирська обл., Житомирський  р-н., м.Коростишів, вул.Героїв небесної сотні, 68;1822510100;UA18040250010085012
237;1010237;Донецька;;84331;м.;Краматорськ;;вулиця;Ювілейна;70;;;;84331, Донецька обл., м.Краматорськ, вул.Ювілейна, 70;1412900000;UA14120090010038661
238;1010238;Львівська;Мостиський;81300;м.;Мостиська;;вулиця;Зелена;7-А;;;;81300, Львівська обл., Мостиський р-н., м.Мостиська, вул.Зелена 7-А;4622410100;UA46140030010062678
239;1010239;Львівська;Пустомитівський;81100;м.;Пустомити;;вулиця;Грушевського;92;;;;81100, Львівська обл., Пустомитівський р-н., м.Пустомити, вул.Грушевського, 92;4623610100;UA46060370010036941
240;1010240;Полтавська;Диканський;38500;смт.;Диканька;;вулиця;Незалежності;58/1;;;;38500, Полтавська обл., Диканський р-н., смт.Диканька, вул.Незалежності, 58/1;5321055100;UA53080050010011580
241;1010241;Одеська;Саратський;68200;смт.;Сарата;;вулиця;Чкалова;50/1;;;;68200, Одеська обл., Саратський р-н., смт.Сарата, вул.Чкалова, 50/1;5124555100;UA51040190010067512
242;1010242;Харківська;Харківська;62400;м.;Мерефа;;вулиця;Дніпропетровська;185-З;;;;62400, Харківська обл., Харківський р-н., м.Мерефа, вул.Дніпропетровська, 185-З;6325110700;UA63120150010020962
243;1010243;Львівська;Львівський;80400;м.;Кам`янка-Бузька;;вулиця;Генерала Чупринки;15;;;;80400, Львівська обл., Львівський р-н.,  м.Кам`янка-Бузька, вул.Генерала Чупринки, 15;4622110100;UA46060190010052224
244;1010244;Львівська;Золочівський;80700;м.;Золочів;;вулиця;Труша;2-А;;;;80700, Львівська обл., Золочівський р-н., м.Золочів, вул.Труша, 2-А;4621810100;UA46040070010068975
245;1010245;Донецька;;84205;м.;Дружківка;;вулиця;Чайковського;12;;;;84205, Донецька обл., м. Дружківка, вул. Чайковського, 12;1411700000;UA14120030010055241
246;1010246;Хмельницька;Шепетівський;30405;м.;Шепетівка;;вулиця;Героїв Небесної Сотні;78;;;;30405, Хмельницька обл., Шепетівський р-н., м.Шепетівка, вул.Героїв Небесної Сотні, 78;6810700000;UA68060330010023704
247;1010247;Львівська;Львівський;80383;с.;Малехів;;вулиця;ім.Тараса Козака;20;;;;80383,  Львівська обл., Львівський р-н., с.Малехів, вул. ім.Тараса Козака, 20;4622785701;UA46060250140022433
248;1010248;Рівненська;Рівненський;35312;смт.;Клевань;;вулиця;Залізнична;4-Г;;;;35312, Рівненська обл., Рівненський р-н., смт.Клевань, вул.Залізнична, 4-Г;5624655400;UA56060290010049434
249;1010249;Дніпропетровська;Кам`янський;50019;м.;Жовті Води;;вулиця;Заводська;1/1;;;;50019, Дніпропетровська обл., Кам`янський р-н., м.Жовті Води, вул.Заводська, 1/1;1210700000;UA12040110010051141
250;1010250;Дніпропетровська;;51700;м.;Вільногірськ;;вулиця;Степова;9;;;;51700, Дніпропетровська обл., м.Вільногірськ, вул.Степова, 9;1210200000;UA12040090010047409
251;1010251;Одеська;;65074;м.;Одеса;Малиновський;вулиця;Шота Руставелі;7;;;;65074, Одеська обл., м.Одеса, Малиновський р-н., вул.Шота Руставелі, 7;5110137300;UA51100270010275193
252;1010252;Херсонська;;73485;м.;Херсон;Дніпровський;провулок;Янтарний;1;;;;73485, Херсонська обл., м.Херсон, Дніпровський р-н., провулок Янтарний, 1;6510136300;UA65100150010123057
253;1010253;Донецька;;84122;м.;Слов`янськ;;вулиця;Центральна;65;;;;84122, Донецька обл., м.Слов`янськ, вул.Центральна, 65;1414100000;UA14120210010032554
254;1010254;Житомирська;Коростенський;11104;м.;Овруч;;вулиця;Рєпкіна;14;;;;11104, Житомирська обл., Коростенський р-н., м.Овруч, вул.Рєпкіна, 14;1824210100;UA18060170010010060
255;1010255;Львівська;Дрогобицький;82300;м.;Борислав;;вулиця;ДРОГОБИЦЬКА;7;;;;82300, Львівська обл., Дрогобицький р-н., м.Борислав, вул.Дрогобицька,7;4610300000;UA46020010010087534
256;1010256;Одеська;Ананьївський;66401;м.;Ананьїв;;вулиця;Нищинського;1;;;;66401, Одеська обл., Ананьївський р-н., м.Ананьїв, вул.Нищинського, 1;5120210100;UA51120010010049617
257;1010257;Луганська;Старобільський;92801;смт.;Біловодськ;;вулиця;Центральна;206-А;;;;92801, Луганська обл., Старобільський р-н., смт.Біловодськ, вул.Центральна, 206-А;4420655100;UA44140010010089375
258;1010258;Київська;Бучанський;08290;смт.;Гостомель;;вулиця;Свято-Покровська;108-А;;;;08290, Київська обл., Бучанський р-н., смт.Гостомель, вул.Свято-Покровська, 108-А;3210945900;UA32080110010033149
259;1010259;Вінницька;;22100;м.;Козятин;;вулиця;Пилипа Орлика;12;;;;22100, Вінницька обл., м.Козятин, вул.Пилипа Орлика, 12;0510500000;UA05120090010077573
260;1010260;Київська;Білоцерківський;09801;м.;Тетіїв;;вулиця;ЦЕНТРАЛЬНА;47;;;;09801, Київська обл., Білоцерківський р-н., м.Тетіїв, вул.Центральна, 47;3224610100;UA32020210010016577
261;1010261;Херсонська;Скадовський;75600;м.;Гола Пристань;;вулиця;1-го Травня;29-А;;;;75600, Херсонська обл., Скадовський р-н., м.Гола Пристань, вул.1-го Травня, 29-А;6510300000;UA65080030010035864
262;1010262;Тернопільська;Чортківський;48601;м.;Заліщики;;вулиця;Стефаника;26;;;;48601, Тернопільська обл., Чортківський -р-н., м.Заліщики, вул.Стефаника, 26;6122010100;UA61060170010057218
263;1010263;Львівська;Яворівський;81070;м.;Івано-Франкове;;вулиця;Львівська;55;;;;81070, Львівська обл., Яворівський -р-н., м.Івано-Франкове, вул.Львівська, 55;4625855300;UA46140010010031231
264;1010264;Івано-Франківська;Косівський;78601;м.;Косів;;вулиця;Грушевського, 1;1;;;;78601, Івано-Франківська обл., Косівський р-н., м.Косів, вул.Грушевського, 1;2623610100;UA26100010010026473
265;1010265;Житомирська;Новоград-Волинський;12701;м.;Баранівка;;вулиця;Першотравнева;17;;;;12701, Житомирська обл., Новоград-Волинський р-н., м.Баранівка, вул.Першотравнева, 17;1820610100;UA18080010010059187
266;1010266;Рівненська;Рівненський;34600;м.;Березне;;вулиця;Зірненська;24/287;;;;34600, Рівненська обл., Рівненський -р-н., м.Березне, вул.Зірненська, 24/287;5620410100;UA56060030010049126
267;1010267;Харківська;;61054;м.;Харків;Київський;;Ринок Барабашова (6), павільон С-011-21;;;;;61054, Харківська обл., м.Харків, Київський р-н., Ринок Барабашова (6), павільон С-011-21;6310136600;UA63120270010216514
268;1010268;Донецька;Покровський;85001;м.;Добропілля;;вулиця;Фестивальна;5;;;;85001, Донецька обл., Покровський р-н., м.Добропілля, вул.Фестивальна, 5;1411500000;UA14160070010040544
269;1010269;Донецька;Волноваський;85670;м.;Вугледар;;вулиця;Шахтарська;3;;;;85670, Донецька обл., Волноваський р-н., м.Вугледар, вул.Шахтарська,3;1414800000;UA14040050010075856
270;1010270;Луганська;Сватівський;92603;м.;Сватове;;вулиця;Дружби;12;;;;92603, Луганська обл., Сватівський р-н., м.Сватове, вул.Дружби, 12;4424010100;UA44100110010094316
271;1010271;Вінницька;;21036;м.;Вінниця;;вулиця;Максимовича;33;;;;21036, Вінницька обл., м.Вінниця, вул.Максимовича, 33;0510100000;UA05020030010063857
272;1010272;Харківська;Чугуївський;63503;м.;Чугуїв;;вулиця;Жадановського;13;;;;63503, Харківська обл, Чугуївський р-н., м.Чугуїв, вул.Жадановського,13;6312000000;UA63140170010036104
273;1010273;Київська;Фастівський;08500;м.;Фастів;;вулиця;Київська;34;;;;08500, Київська обл., Фастівський р-н., м.Фастів, вул.Київська, 34;3211200000;UA32140150010091295
274;1010274;Дніпропетровська;;50019;м.;Кривий Ріг;Центрально-Міський;вулиця;Купріна;116-Д;;;;50019, Дніпропетровська обл., м.Кривий Ріг, Центрально-Міський р-н., вул.Купріна, 116-Д;1211037500;UA12060170010720279
275;1010275;Дніпропетровська;Нікопольський;53304;м.;Покров;;вулиця;ЧЕХОВА;2;;;;53304, Дніпропетровська обл., Нікопольський р-н., м.Покров, вул.Чехова, 2;1212100000;UA12080090010010311
276;1010276;Одеська;Ізмаїльський;68803;м.;Рені;;вулиця;Спортивна;11а;;;;68803, Одеська обл., Ізмаїльський р-н. м.Рені, вул.Спортивна, 11-А;5124110100;UA51080070010065897
277;1010277;Сумська;Сумський;42400;смт.;Краснопілля;;вулиця;Вокзальна;46;;;;42400, Сумська обл., Сумський р-н., смт.Краснопілля, вул.Вокзальна, 46;5922355100;UA59080090010070278
278;1010278;Дніпропетровська;Дніпровський;52400;смт.;Солоне;;вулиця;ГАГАРІНА;29-А;;;;52400, Дніпропетровська обл., Дніпровський р-н. смт.Солоне, вул.Гагаріна, 29-А;1225055100;UA12020270010031228
279;1010279;Дніпропетровська;;49064;м.;Дніпро;Новокодацький;вулиця;Мічуріна;4;;;;49064, Дніпропетровська обл., м.Дніпро, Новокодацький р-н., вул.Мічуріна, 4;1210138100;UA12020010010350200
280;1010280;Миколаївська;Баштанський;55601;м.;Новий Буг;;вулиця;Грушевського;20;;;;55601, Миколаївська обл., Баштанський р-н.  м.Новий Буг, вул.Грушевського, 20;4824510100;UA48020150010063715
281;1010281;Черкаська;Уманський;19101;м.;Монастирище;;вулиця;Дружби;36;;;;19101, Черкаська обл., Уманський р-н., м.Монастирище, вул.Дружби, 36;7123410100;UA71060170010084282
282;1010282;Івано-Франківська;Верховинський;78701;смт.;Верховина;;вулиця;Гуцульського повстання;13;;;;78701, Івано-Франківська обл., Верховинський р-н., смт.Верховина, вул.Гуцульського повстання, 13;2620855100;UA26020030010013669
283;1010283;Закарпатська;Хустський;90100;м.;Іршава;;вулиця;Федорова;29/2;;;;90100, Закарпатська обл., Хустський р-н., м.Іршава, вул.Федорова, 29/2;2121910100;UA21120130010065349
284;1010284;Одеська;;65005;м.;Одеса;Малиновський;вулиця;Бугаївська;41-А;;;;65005, Одеська обл., м.Одеса, Малиновський р-н., вул.Бугаївська, 41-А;5110137300;UA51100270010275193
285;1010285;Вінницька;Гайсинський;24321;м.;Ладижин;;вулиця;Піонерська;29;;;;24321, Вінницька обл., Гайсинський р-н., м.Ладижин, вул.Піонерська, 29;0510600000;UA05040130010040578
286;1010286;Рівненська;Рівненський;35705;м.;Здолбунів;;вулиця;Пушкіна;1;;;;35705, Рівненська обл., Рівненський р-н., м.Здолбунів, вул.Пушкіна, 1;5622610100;UA56060250010051586
287;1010287;Полтавська;Лубенський;37800;м.;Хорол;;вулиця;ШЕВЧЕНКА;34;;;;37800, Полтавська обл., Лубенський р-н., м.Хорол, вул.Шевченка, 34;5324810100;UA53040110010080324
288;1010288;Полтавська;Полтавський;38400;м.;Решетилівка;;вулиця;Полтавська;2;;;;38400, Полтавська обл., Полтавський р-н., м.Решетилівка, вул.Полтавська, 2;5324210100;UA53080390010041197
289;1010289;Чернівецька;Дністровський;60200;м.;Сокиряни;;вулиця;Коцюбинського;4;;;;60200, Чернівецька обл., Дністровський р-н., м.Сокиряни, вул.Коцюбинського, 4;7324010100;UA73040170010044151
290;1010290;Київська;Бориспільський;08400;м.;Переяслав;;вулиця;Героїв Дніпра;ЗЗ;;;;08400, Київська обл., Бориспільський р-н., м.Переяслав,  вул.Героїв Дніпра, ЗЗ;3211000000;UA32040110010043320
291;1010291;Харківська;;61070;м.;Харків;Київський;вулиця;Шевченка;327;;;;61070, Харківська обл., м.Харків, Київський р-н., вул.Шевченка, 327;6310136600;UA63120270010216514
292;1010292;Закарпатська;Хустський;90400;м.;Хуст;;вулиця;Гвардійська;122-124;;;;90400, Закарпатська обл., Хустський р-н., м.Хуст, вул.Гвардійська, 122-124;2110800000;UA21120250010053148
293;1010293;;;03134;м.;Київ;Святошинський;вулиця;Якутська;8;;;;03134, м.Київ, Святошинський р-н., вул.Якутська, 8;8038600000;UA80000000000875983
294;1010294;Чернівецька;Чернівецький;59300;м.;Кіцмань;;вулиця;Незалежності;65-А;;;;59300, Чернівецька обл., Чернівецький р-н.,  м.Кіцмань, вул.Незалежності, 65-А;7322510100;UA73060290010095467
295;1010295;Дніпропетровська;;50089;м.;Кривий Ріг;Тернівський;вулиця;Адмірала Головка;40;;;;50089, Дніпропетровська обл., м.Кривий Ріг, Тернівський р-н., вул.Адмірала Головка, 40;1211037200;UA12060170010643671
296;1010296;Одеська;Білгород-Дністровський;68100;м.;Татарбунари;;вулиця;23-го серпня;21;;;;68100, Одеська обл., Білгород-Дністровський р-н., м.Татарбунари, вул.23-го серпня, 21;5125010100;UA51040250010015619
297;1010297;Харківська;Харківський;63202;смт.;Нова Водолага;;вулиця;Гагаріна;12;;;;63202 Харківська обл., Харківський р-н. смт.Нова Водолага, вул.Гагаріна, 12;6324255100;UA63120170010054489
298;1010298;Харківська;;61000;м.;Харків;Холодногірський;вулиця;Кононенка;магазин 15-П;;;;61000, Харківська обл., м.Харків, Холодногірський р-н., вул.Кононенка, магазин 15-П;6310137200;UA63120270010877312
299;1010299;Харківська;Харківський;63270;смт.;Солоницівка;;вулиця;ЗАВОДСЬКА;49/9;;;;63270, Харківська обл., Харківський р-н., смт.Солоницівка, вул.Заводська, 49/9;6322057600;UA63120250010071938
300;1010300;Чернівецька;Дністровський;60236;м.;Новодністровськ;;вулиця;5-тий квартал;3;;;;60236, Чернівецька обл., Дністровський р-н., м.Новодністровськ, вул.5-тий квартал, 3;7310600000;UA73040130010085979
301;1010301;Волинська;Камінь-Каширський;44601;смт.;Маневичі;;вулиця;Луцька;1;;;;44601, Волинська обл., Камінь-Каширський р-н. смт.Маневичі, вул.Луцька,1;0723655100;UA07040050010044229
302;1010302;Полтавська;;39630;м.;Кременчук;Крюківський;вулиця;Велика Набережна;51;;;;39630, Полтавська обл., м.Кременчук, Крюківський р-н., вул.Велика Набережна, 51;5310436500;UA53020110010228624
303;1010303;Одеська;Одеський;65482;м.;Южне;;вулиця;ЦЕНТРАЛЬНА;28;;;;65482, Одеська обл., Одеський р-н., м.Южне, вул.Центральна, 28;5111700000;UA51100410010044384
304;1010304;Київська;Бучанський;08130;с.;Петропавлівська Борщагівка;;вулиця;Велика Кільцева;4-А;;;;08130, Київська обл., Бучанський р-н., с.Петропавлівська Борщагівка, вул.Велика Кільцева 4-А;3222485901;UA32080050010035667
305;1010305;Одеська;Одеський;67663;с.;Усатове;;вулиця;Грушевського;114;;;;67663, Одеська обл., Одеський р-н., с.Усатове, вул.Грушевського, 114;5121085201;UA51100330010025010
306;1010306;Кіровоградська;Голованівський;26300;м.;Гайворон;;вулиця;Василя Стуса;3-І;;;;26300 Кіровоградська обл., Голованівський р-н. м.Гайворон, вул.Василя Стуса, 3-І;3521110100;UA35020050010071459
307;1010307;Хмельницька;Хмельницький;31100;м.;Старокостянтинів;;вулиця;Миру;1/155;;;;31100, Хмельницька обл., Хмельницький р-н., м.Старокостянтинів, вул.Миру 1/155;6810800000;UA68040390010084208
308;1010308;Київська;Броварський;07416;с.;Погреби;;вулиця;Шевченка;1;;;;07416, Київська обл., Броварський р-н., с.Погреби, вул.Шевченка, 1;3221286401;UA32060090040088774
309;1010309;Вінницька;Вінницький;22800;м.;Немирів;;вулиця;Соборна;206;;;;22800, Вінницька обл., Вінницький р-н., м.Немирів, вул.Соборна, 206;523010100;UA05020170010087489
310;1010310;Київська;Фастівський;08151;м.;Боярка;;вулиця;МАЯКОВСЬКОГО;49;;;;08151, Київська обл., Фастівський р-н., м.Боярка, вул.Маяковського, 49;3222410300;UA32140030010045925
311;1010311;Чернівецька;Чернівецький;59200;м.;Вижниця;;вулиця;Українська;89-Б;;;;59200, Чернівецька обл., Чернівецький р-н., м.Вижниця, вул.Українська, 89-Б;7320510100;UA73020090010033414
312;1010312;Одеська;Роздільнянський;67450;с.;Кучурган;;вулиця;Павла Каплуна;73;;;;67450, Одеська обл., Роздільнянський р-н., с.Кучурган, вул.Павла Каплуна, 73;5123983401;UA51140090030017908
313;1010313;Львівська;Львівський;81500;м.;Городок;;вулиця;ДЖЕРЕЛЬНА;16;;;;81500, Львівська обл., Львівський р-н., м.Городок, вул.Джерельна, 16;4620910100;UA46060070010047335
314;1010314;Івано-Франківська;;76005;м.;Івано-Франківськ;;вулиця;Петлюри;7-Б;;;;76005, Івано-Франківська обл., м.Івано-Франківськ, вул. Петлюри, 7-Б;2610100000;UA26040190010045761
315;1010315;Донецька;Краматорський;85107;м.;Костянтинівка;;вулиця;Мирошниченко;37;;;;85107, Донецька обл., Краматорський р-н., м.Костянтинівка, вул.Мирошниченко, 37;1412600000;UA14120070010085843
316;1010316;Житомирська;;10002;м.;Житомир;Корольовський;;Смолянський майдан;3;;;;10002, Житомирська обл., м.Житомир, Корольовський р-н.,  Смолянський майдан, 3;1810136600;UA18040190010281147
317;1010317;Одеська;;67582;м.;Одеса;Суворовський;;19-й км Старокиївської дороги;4;;;;67582, Одеська обл., м.Одеса, Суворовський р-н., 19-й км Старокиївської дороги, 4;5110137600;UA51100270010413116
318;1010318;Миколаївська;;54028;м.;Миколаїв;Інгульський;вулиця;Новозаводська;23;;;;54028, Миколаївська обл., м.Миколаїв, Інгульський р-н., вул.Новозаводська, 23;4810136900;UA48060150010235917
319;1010319;Полтавська;Полтавський;39201;м.;Кобеляки;;площа;Перемоги;2-Б;;;;39201, Полтавська обл., Полтавський р-н., м.Кобеляки, площа Перемоги, 2-Б;5321810100;UA53080130010037756
320;1010320;Херсонська;Каховський;75201;смт.;Чаплинка;;вулиця;Каланчацька;1-А;;;;75201, Херсонська обл., Каховський р-н., смт.Чаплинка, вул.Каланчацька, 1-А;6525455100;UA65060290010083205
321;1010321;Вінницька;Вінницький;22700;м.;Іллінці;;вулиця;Європейська;74-Е;;;;22700, Вінницька обл., Вінницький р-н., м.Іллінці, вул.Європейська, 74-Е;521210100;UA05020090010088788
322;1010322;Харківська;Харківський;62489;смт.;Безлюдівка;;вулиця;Зміївська;62;;;;62489, Харківська обл., Харківський р-н., смт.Безлюдівка, вул.Зміївська, 62;6325155600;UA63120010010021177
323;1010323;Київська;Бучанський;08205;м.;Ірпінь;;вулиця;Озерна;3;;;;08205, Київська обл., Бучанський р-н., м.Ірпінь, вул.Озерна, 3;3210900000;UA32080150010049888
324;1010324;Вінницька;;24000;м.;Могилів-Подільський;;проспект;Героїв;57-37;;;;24000, Вінницька обл., м.Могилів-Подільський,  проспект Героїв, 57-37;510400000;UA05080050010069812
325;1010325;Сумська;;40021;м.;Суми;Зарічний;вулиця;Герасима Кондратьєва;98;;;;40021, Сумська обл., м.Суми, Зарічний р-н., вул.Герасима Кондратьєва, 98;5910136300;UA59080270010111002
326;1010326;Сумська;Охтирський;42706;м.;Охтирка;;вулиця;Сумська;8;;;;42706, Сумська обл., Охтирський р-н. м.Охтирка, вул.Сумська, 8;5910200000;UA59040110010017443
327;1010327;Миколаївська;;54025;м.;Миколаїв;Центральний;вулиця;Героїв України;113-Б;;;;54025, Миколаївська обл., м.Миколаїв, Центральний р-н., вул.Героїв України, 113-Б;4810137200;UA48060150010443183
328;1010328;Запорізька;Василівський;71601;м.;Василівка;;вулиця;Ліхачова;2/6;;;;71601, Запорізька обл., Василівський р-н., м.Василівка, вул.Ліхачова, 2/6;2320910100;UA23040030010016724
329;1010329;Дніпропетровська;Синельниківський;52900;смт.;Межова;;вулиця;ЗАВОДСЬКА;136;;;;52900, Дніпропетровська обл., Синельниківський р-н., смт.Межова, вул.Заводська, 136;1222655100;UA12140150010037835
330;1010330;Дніпропетровська;Синельниківський;52500;м.;Синельникове;;вулиця;Шевченка;27-А;;;;52500, Дніпропетровська обл., Синельниківський р-н., м.Синельникове, вул.Шевченка, 27-А;1213000000;UA12140310010049426
331;1010331;Черкаська;Звенигородський;20501;смт.;Катеринопіль;;вулиця;В`ячеслава Чорновола;4-Б;;;;20501, Черкаська обл., Звенигородський р-н., смт.Катеринопіль, вул.В`ячеслава Чорновола, 4-Б;7122255100;UA71020150010017266
332;1010332;Черкаська;Черкаський;19502;смт.;Городище;;вулиця;Миру;107;;;;19502, Черкаська обл., Черкаський р-н., смт.Городище, вул.Миру, 107;7120310100;UA71080110010037357
333;1010333;Черкаська;Черкаський;20801;м.;Кам`янка;;вулиця;Героїв Майдану;19;;;;20801, Черкаська обл., Черкаський р-н.,  м.Кам`янка, вул.Героїв Майдану, 19;7121810100;UA71080130010022318
334;1010334;Чернівецька;Чернівецький;59000;м.;Сторожинець;;вулиця;Яремчука;21;;;;59000, Чернівецька обл., Чернівецький р-н. м.Сторожинець, вул.Яремчука, 21;7324510100;UA73060490010033552
335;1010335;Харківська;Богодухівський;62203;смт.;Золочів;;вулиця;ЦЕНТРАЛЬНА;27-А;;;;62203, Харківська обл., Богодухівський р-н., смт.Золочів, вул.Центральна, 27-А;6322655100;UA63020050010064235
336;1010336;Тернопільська;Чортківський;48505;м.;Чортків;;вулиця;Степана  Бандери;60-А;;;;48505, Тернопільська обл., Чортківський р-н., м.Чортків, вул.Степана  Бандери, 60-А;6110300000;UA61060430010047348
337;1010337;Кіровоградська;Кропивницький;27406;м.;Знам’янка;;вулиця;Привокзальна;10-Д;;;;27406, Кіровоградська обл.,Кропивницький р-н., м.Знам’янка, вул.Привокзальна, 10-Д;3510600000;UA35040130010097956
338;1010338;Львівська;;79039;м.;Львів;Шевченківський;вулиця;Шевченка;120;;;;79039, Львівська обл., м.Львів, Шевченківський р-н., вул.Шевченка, 120;4610137500;UA46060250010615203
339;1010339;;;02088;м.;Київ;;вулиця;Першого Травня;1-А;;;;02088, м.Київ, Дарницький р-н.,вул.Першого Травня, 1-А;8036300000;UA80000000000210193
340;1010340;Одеська;Одеський;67832;смт.;Великодолинське;;вулиця;Чорноморська;2-А;;;;67832, Одеська обл., Одеський р-н., смт.Великодолинське, вул.Чорноморська, 2-А;5123755300;UA51100070010049456
341;1010341;Вінницька;;21007;м.;Вінниця;;вулиця;Академіка Янгеля;4;;;;21007, Вінницька обл., м.Вінниця, вул.Академіка Янгеля, 4;0510100000;UA05020030010063857
342;1010342;Харківська;;61010;м.;Харків;Основ’янський;вулиця;Греківська;25;;;;61010, Харківська обл., м.Харків, Основ’янський р-н., вул.Греківська, 25;6310138800;UA63120270010681864
343;1010343;Львівська;;79071;м.;Львів;Залізничний;вул.;Щирецька;36;;;;79071, Львівська обл., м.Львів, Залізничний р-н., вул.Щирецька, 36;4610136300;UA46060250010259421
344;1010344;Львівська;;79004;м.;Львів;Франківський;вул.;Стрийська;108;;;;79004, Львівська обл., м.Львів, Франківський р-н., вул.Стрийська, 108;4610136900;UA46060250010515336
345;1010345;Львівська;Стрийський;81600;м.;Миколаїв;;вул.;Болоня;40;;;;81600, Львівська обл., Стрийський р-н., м.Миколаїв, вул.Болоня, 40;4623010100;UA46100110010094231
346;1010346;Київська;Бориспільський;08325;с.;Щасливе;;вул.;Перспективна;17;;;;08325, Київська обл., Бориспільський р-н., с.Щасливе, вул.Перспективна, 17;3220888001;UA32040130010022833
347;1010347;Київська;;07400;м.;Бровари;;вулиця;Січових стрільців;1;;;;07400, Київська обл., м.Бровари, вул. Січових стрільців, 1;3210600000;UA32060050010081797
348;1010348;Рівненська;Сарненський;34200;смт.;Рокитне;;вулиця;Ігоря Зінича;3;;;;34200, Рівненська обл., Сарненський р-н., смт.Рокитне, вул.Ігоря Зінича, 3;5625055100;UA56080150010051265
349;1010349;Волинська;Луцький;45101;м.;Рожище;;вулиця;Героїв УПА;41;;;;45101, Волинська обл., Луцький р-н., м.Рожище, вул.Героїв УПА, 41;0724510100;UA07080250010017534
350;1010350;Миколаївська;Баштанський;56002;смт.;Казанка;;вулиця;Миру;189-Д;;;;56002, Миколаївська обл., Баштанський р-н., смт.Казанка, вул.Миру, 189-Д;4823655100;UA48020130010047500
351;1010351;Івано-Франківська;Надвірнянський;78405;м.;Надвірна;;вулиця;Мазепи;35-А;;;;78405, Івано-Франківська обл., Надвірнянський р-н., м.Надвірна, вул.Мазепи, 35-А;2624010100;UA26120070010010041
352;1010352;Дніпропетровська;;49127;м.;Дніпро;Самарський;вулиця;Автопаркова;5;;;;49127, Дніпропетровська обл., м.Дніпро, Самарський р-н., вул.Автопаркова, 5;1210138400;UA12020010010475293
353;1010353;Київська;Білоцерківський;09001;м.;Сквира;;вул.;Київська;34;;;;09001, Київська обл., Білоцерківський р-н., м.Сквира, вул.Київська, 34;3224010100;UA32020150010094707
354;1010354;Харківська;;61201;м.;Харків;Шевченківський;вул.;Клочківська;370;;;;61201, Харківська обл., м.Харків, Шевченківський р-н., вул.Клочківська, 370;6310136300;UA63120270010948820
355;1010355;Сумська;;40024;м.;Суми;Ковпаківський;вул.;Тополянська;23-Б;;;;40024, Сумська обл., м.Суми, Ковпаківський р-н., вул.Тополянська, 23-Б;5910136600;UA59080270010287243
356;1010356;Житомирська;Коростенський;11604;м.;Малин;;вул.;Івана Огієнка;61;;;;11604, Житомирська обл., Коростенський р-н., м.Малин, вул.Івана Огієнка, 61;1810900000;UA18060130010010134
